<meta>
    <info author="[HS]Maicon" version="1.0" name="Encomenda Exclusiva feita na hyper scripts" description="www.hyperscripts.com.br" />
    <min_mta_version client="1.5.8-9.20979"></min_mta_version>
    
    <!-- Arquivos -->
    
    <script src="Hyper_G.lua" type="shared" />
    <script src="nui/main/util/Hyper_Us.lua" type="server" cache="false" />
    <script src="nui/main/Hyper_S.lua" type="server" cache="false" />
    <script src="nui/main/util/Hyper_Uc.lua" type="client" cache="false" />
    <script src="nui/main/Hyper_C.lua" type="client" cache="false" />
    
    <!-- Fonts-->
    
    <file src="nui/fonts/Montserrat-Itali-Bold.ttf" cache="false" />
    <file src="nui/fonts/Montserrat-Bold.ttf" cache="false" />
    
    <!-- Imagens -->
    
    <file src="nui/images/assento.png" cache="false" />
    <file src="nui/images/capo.png" cache="false" />
    <file src="nui/images/engine.png" cache="false" />
    <file src="nui/images/luz.png" cache="false" />
    <file src="nui/images/malas.png" cache="false" />
    <file src="nui/images/porta.png" cache="false" />
    <file src="nui/images/portad.png" cache="false" />
    <file src="nui/images/tranca.png" cache="false" />
    <file src="nui/images/vidro.png" cache="false" />
    <file src="nui/images/vidrod.png" cache="false" />
    <file src="nui/images/volta.png" cache="false" />
    
</meta>
